Minutes,Hour Began,Customers Affected,Latitude,Mean Elevation ,AvgAnnualPrecipitationIn,TempAvg,TempAvgHighF,TempAvgLowF,
0,18,85677,40.2862,850,41.1,50.7,61.7,41.6,[0] 0
0,11,10898,37.1841,2900,22.3,59.4,71.5,46.5,[0] 0
0,3,9956,37.1841,2900,22.3,59.4,71.5,46.5,[0] 0
0,23,92390,40.2862,850,41.1,50.7,61.7,41.6,[0] 0
0,15,50000,43.9336,3300,32.1,48.4,59.4,36.4,[0] 0
0,8,17000,37.1841,2900,22.3,59.4,71.5,46.5,[0] 0
0,18,55017,31.4757,1700,28.6,64.8,78.1,53.5,[0] 0
0,16,87833,37.5347,750,50.4,55.6,67.2,45.4,[0] 0
0,15,40000,39.055,350,45.2,54.2,65.4,45.4,[0] 0
0,14,7000,44.6243,1050,34.1,43.1,54,33.7,[1] 0
0,1,485,37.1841,2900,22.3,59.4,71.5,46.5,[0] 0
0,10,418,40.0417,600,23.7,44.4,55.7,32.1,[0] 0
0,3,24000,37.1841,2900,22.3,59.4,71.5,46.5,[0] 0
0,18,52872,40.8781,1100,45,48.8,59.7,39.2,[0] 0
0,0,55951,46.2807,1200,28.6,41.2,51.9,31.4,[0] 0
0,5,74698,35.5557,700,50.8,59,70.5,48.6,[0] 0
0,9,37583,47.3826,1700,43.2,48.3,57,37.6,[0] 0
0,1,51323,37.1841,2900,22.3,59.4,71.5,46.5,[0] 0
0,12,110800,37.1841,2900,22.3,59.4,71.5,46.5,[0] 0
0,6,9956,37.1841,2900,22.3,59.4,71.5,46.5,[0] 0
0,22,54000,44.3467,900,33.9,44.4,55,35.3,[0] 0
0,9,103000,44.3467,900,33.9,44.4,55,35.3,[0] 0
0,0,115000,40.0417,600,40.7,51.8,62.7,42.6,[0] 0
0,17,200000,40.8781,1100,45,48.8,59.7,39.2,[0] 0
0,3,119000,37.5215,950,45.8,55.1,66.9,45.1,[0] 0
0,7,59649,37.1841,2900,22.3,59.4,71.5,46.5,[0] 0
0,15,6814,37.1841,2900,22.3,59.4,71.5,46.5,[0] 0
0,21,55000,38.3566,800,43.5,54.5,66,44.5,[0] 0
0,20,80000,40.0417,600,40.7,51.8,62.7,42.6,[0] 0
0,18,33200,37.1841,2900,22.3,59.4,71.5,46.5,[0] 0
0,19,136827,40.2862,850,41.1,50.7,61.7,41.6,[0] 0
0,12,54332,37.1841,2900,22.3,59.4,71.5,46.5,[0] 0
0,21,10961,37.1841,2900,22.3,59.4,71.5,46.5,[0] 0
0,0,120000,35.858,900,55.1,57.6,69.4,47.5,[0] 0
0,12,157274,40.2862,850,41.1,50.7,61.7,41.6,[0] 0
0,14,246000,44.3467,900,33.9,44.4,55,35.3,[0] 0
0,19,92109,40.2862,850,41.1,50.7,61.7,41.6,[0] 0
0,15,50000,37.5215,950,45.8,55.1,66.9,45.1,[0] 0
0,7,81100,41.5378,2600,24.2,48.8,61.9,36.9,[0] 0
0,18,58368,34.8938,650,52.5,60.4,71.8,50.2,[0] 0
0,16,62140,40.2862,850,41.1,50.7,61.7,41.6,[0] 0
0,19,78164,37.1841,2900,22.3,59.4,71.5,46.5,[0] 0
0,13,78079,40.1907,250,47.6,52.7,63.6,43.6,[0] 0
0,18,51580,37.5215,950,45.8,55.1,66.9,45.1,[0] 0
0,1,60000,38.3566,800,43.5,54.5,66,44.5,[0] 0
0,13,106869,42.9538,1000,43.5,45.4,55.9,36.1,[0] 0
0,5,55000,42.0751,1100,43.6,51.7,62.5,42.2,[0] 0
0,5,56451,34.8938,650,52.5,60.4,71.8,50.2,[0] 0
0,15,54535,42.2596,500,48.6,47.9,58.8,38.7,[0] 0
0,19,60000,37.5215,950,45.8,55.1,66.9,45.1,[0] 0
0,17,20000,37.1841,2900,22.3,59.4,71.5,46.5,[0] 0
0,12,68600,31.0689,100,59.7,66.4,77.5,56.7,[0] 0
0,15,71000,43.9336,3300,32.1,48.4,59.4,36.4,[0] 0
0,6,75000,41.6219,500,48.7,49,60,39.8,[0] 0
0,17,91264,44.3467,900,33.9,44.4,55,35.3,[0] 0
0,14,94048,40.8781,1100,45,48.8,59.7,39.2,[0] 0
0,19,89216,40.2862,850,41.1,50.7,61.7,41.6,[0] 0
0,4,58500,38.3566,800,43.5,54.5,66,44.5,[0] 0
0,4,64852,43.9336,3300,32.1,48.4,59.4,36.4,[0] 0
0,14,57670,37.1841,2900,22.3,59.4,71.5,46.5,[0] 0
0,17,90382,37.1841,2900,22.3,59.4,71.5,46.5,[0] 0
0,18,50200,39.055,350,45.2,54.2,65.4,45.4,[0] 0
0,7,42901,32.6415,600,50.4,63.5,75.6,52.7,[0] 0
0,8,50000,35.858,900,55.1,57.6,69.4,47.5,[0] 0
0,13,1706,37.1841,2900,22.3,59.4,71.5,46.5,[0] 0
0,7,70000,46.2807,1200,28.6,41.2,51.9,31.4,[0] 0
0,13,108930,33.9169,350,48.3,62.4,74.7,52,[0] 0
0,10,159947,44.3467,900,33.9,44.4,55,35.3,[0] 0
0,12,270000,44.3467,900,33.9,44.4,55,35.3,[1] 0
0,17,1500,35.5889,1300,36.4,59.6,72.3,48.3,[0] 0
0,5,154124,31.4757,1700,28.6,64.8,78.1,53.5,[0] 0
0,18,105000,46.2807,1200,28.6,41.2,51.9,31.4,[0] 0
0,3,57200,34.8938,650,52.5,60.4,71.8,50.2,[0] 0
0,5,67864,37.1841,2900,22.3,59.4,71.5,46.5,[0] 0
0,14,1200,35.5557,700,50.8,59,70.5,48.6,[0] 0
0,16,85470,43.9336,3300,32.1,48.4,59.4,36.4,[0] 0
0,16,44000,37.1841,2900,22.3,59.4,71.5,46.5,[0] 0
0,16,44000,37.1841,2900,22.3,59.4,71.5,46.5,[0] 0
0,16,44000,37.1841,2900,22.3,59.4,71.5,46.5,[0] 0
0,17,67000,31.0689,100,59.7,66.4,77.5,56.7,[0] 0
0,8,96000,31.4757,1700,28.6,64.8,78.1,53.5,[0] 0
0,15,100000,40.0417,600,40.7,51.8,62.7,42.6,[0] 0
0,12,120000,40.8781,1100,45,48.8,59.7,39.2,[0] 0
0,3,60000,31.4757,1700,28.6,64.8,78.1,53.5,[0] 0
0,16,67000,40.2862,850,41.1,50.7,61.7,41.6,[0] 0
0,2,7541,34.8938,650,52.5,60.4,71.8,50.2,[0] 0
0,9,54000,37.1841,2900,22.3,59.4,71.5,46.5,[0] 0
0,2,70000,38.4937,2000,29,54.3,67.5,42.6,[0] 0
0,13,53610,44.6243,1050,34.1,43.1,54,33.7,[0] 0
0,15,44000,37.1841,2900,22.3,59.4,71.5,46.5,[0] 0
0,16,78000,43.9336,3300,32.1,48.4,59.4,36.4,[0] 0
0,2,70000,31.4757,1700,28.6,64.8,78.1,53.5,[0] 0
0,14,84000,37.1841,2900,22.3,59.4,71.5,46.5,[0] 0
0,15,65000,39.055,350,45.2,54.2,65.4,45.4,[0] 0
0,7,65994,37.1841,2900,22.3,59.4,71.5,46.5,[0] 0
0,16,5600,40.2862,850,41.1,50.7,61.7,41.6,[0] 0
0,13,37991,31.0689,100,59.7,66.4,77.5,56.7,[0] 0
0,4,64930,34.8938,650,52.5,60.4,71.8,50.2,[0] 0
0,6,77933,31.0689,100,59.7,66.4,77.5,56.7,[0] 0
0,4,61413,39.8942,795,43.6,51.7,62.5,42.2,[0] 0
0,16,100000,37.5215,950,45.8,55.1,66.9,45.1,[0] 0
0,21,64951,34.8938,650,52.5,60.4,71.8,50.2,[0] 0
0,4,76300,47.3826,1700,43.2,48.3,57,37.6,[0] 0
0,9,66519,35.5557,700,50.8,59,70.5,48.6,[0] 0
0,15,55506,31.4757,1700,28.6,64.8,78.1,53.5,[0] 0
0,15,123361,40.2862,850,41.1,50.7,61.7,41.6,[0] 0
0,6,88000,37.5215,950,45.8,55.1,66.9,45.1,[0] 0
0,9,165000,47.3826,1700,43.2,48.3,57,37.6,[0] 0
0,4,169000,40.0417,600,40.7,51.8,62.7,42.6,[0] 0
0,15,2500,37.1841,2900,22.3,59.4,71.5,46.5,[0] 0
0,7,71654,33.9169,350,48.3,62.4,74.7,52,[0] 0
0,14,190000,40.0417,600,40.7,51.8,62.7,42.6,[0] 0
0,6,80000,42.2596,500,48.6,47.9,58.8,38.7,[0] 0
0,11,71012,40.2862,850,41.1,50.7,61.7,41.6,[0] 0
0,4,57000,44.6243,1050,34.1,43.1,54,33.7,[0] 0
0,10,95000,35.5557,700,50.8,59,70.5,48.6,[0] 0
0,6,65904,35.858,900,55.1,57.6,69.4,47.5,[0] 0
0,17,69106,35.5557,700,50.8,59,70.5,48.6,[0] 0
0,11,87000,28.6305,100,54.4,70.7,81.9,60.9,[0] 0
0,11,44000,37.1841,2900,22.3,59.4,71.5,46.5,[0] 0
0,8,70000,35.5557,700,50.8,59,70.5,48.6,[0] 0
0,6,19000,31.4757,1700,28.6,64.8,78.1,53.5,[0] 0
0,4,75290,37.5215,950,45.8,55.1,66.9,45.1,[0] 0
0,2,61008,31.4757,1700,28.6,64.8,78.1,53.5,[0] 0
0,12,170190,40.2862,850,41.1,50.7,61.7,41.6,[0] 0
0,0,9400,31.4757,1700,28.6,64.8,78.1,53.5,[0] 0
0,13,76000,44.3467,900,33.9,44.4,55,35.3,[0] 0
0,1,230000,47.3826,1700,43.2,48.3,57,37.6,[0] 0
0,4,172278,33.9169,350,48.3,62.4,74.7,52,[0] 0
0,3,69524,37.1841,2900,22.3,59.4,71.5,46.5,[0] 0
0,4,90000,28.6305,100,54.4,70.7,81.9,60.9,[0] 0
0,9,145000,37.1841,2900,22.3,59.4,71.5,46.5,[0] 0
0,5,82124,45.3695,600,59.7,66.4,77.5,56.7,[0] 0
0,16,6100,35.5557,700,50.8,59,70.5,48.6,[0] 0
0,5,146660,31.4757,1700,28.6,64.8,78.1,53.5,[0] 0
0,5,151852,44.3467,900,33.9,44.4,55,35.3,[0] 0
0,23,181000,40.0417,600,40.7,51.8,62.7,42.6,[0] 0
0,6,200675,46.2807,1200,33.9,44.4,55,35.3,[0] 0
0,3,150000,31.0689,100,50.4,55.6,67.2,45.4,[0] 0
0,0,63408,38.6409,1500,47.1,51.8,63.5,41.7,[0] 0
0,2,52172,31.4757,1700,28.6,64.8,78.1,53.5,[0] 0
0,7,55677,37.1841,2900,22.3,59.4,71.5,46.5,[0] 0
0,6,82000,34.2744,4100,11.6,60.3,75.3,46.8,[1] 0
0,2,85263,39.055,350,45.5,41,51.9,31.7,[0] 0
0,0,71000,35.5557,700,50.8,59,70.5,48.6,[0] 0
0,1,11383,37.1841,2900,22.3,59.4,71.5,46.5,[0] 0
0,4,171117,31.4757,1700,28.6,64.8,78.1,53.5,[0] 0
0,2,66445,32.6415,600,50.4,63.5,75.6,52.7,[1] 0
0,1,103000,47.3826,1700,43.2,48.3,57,37.6,[0] 0
0,7,82621,39.8942,795,43.6,51.7,62.5,42.2,[0] 0
0,0,168419,31.4757,1700,28.6,64.8,78.1,53.5,[0] 0
0,1,54167,37.5347,750,50.4,55.6,67.2,45.4,[0] 0
0,17,52702,39.8942,795,43.6,51.7,62.5,42.2,[0] 0
0,18,65112,40.8781,1100,45,48.8,59.7,39.2,[0] 0
0,18,71500,47.3826,1700,43.2,48.3,57,37.6,[0] 0
0,0,100000,40.0417,600,40.7,51.8,62.7,42.6,[0] 0
0,23,100000,40.2862,850,41.1,50.7,61.7,41.6,[0] 0
0,18,100000,44.6243,1050,34.1,43.1,54,33.7,[0] 0
0,7,158000,38.9896,60,48.7,49,60,39.8,[0] 0
0,19,140464,31.4757,1700,28.6,64.8,78.1,53.5,[0] 0
0,15,93828,32.6415,600,50.4,63.5,75.6,52.7,[0] 0
0,2,52000,31.4757,1700,28.6,64.8,78.1,53.5,[0] 0
0,18,162551,40.2862,850,41.1,50.7,61.7,41.6,[0] 0
0,9,79000,37.1841,2900,22.3,59.4,71.5,46.5,[0] 0
0,23,65888,37.1841,2900,22.3,59.4,71.5,46.5,[0] 0
0,4,48000,31.4757,1700,28.6,64.8,78.1,53.5,[0] 0
0,19,100000,38.3566,800,43.5,54.5,66,44.5,[0] 0
0,20,47000,37.1841,2900,22.3,59.4,71.5,46.5,[0] 0
0,17,53000,35.5557,700,50.8,59,70.5,48.6,[0] 0
0,13,76000,47.3826,1700,43.2,48.3,57,37.6,[0] 0
0,5,65000,31.4757,1700,28.6,64.8,78.1,53.5,[0] 0
0,16,283000,37.5215,950,45.8,55.1,66.9,45.1,[0] 0
0,22,145314,44.3467,900,33.9,44.4,55,35.3,[0] 0
0,14,9000,43.9336,3300,32.1,48.4,59.4,36.4,[0] 0
0,8,233000,37.5215,950,45.8,55.1,66.9,45.1,[0] 0
0,14,220000,35.5557,700,50.8,59,70.5,48.6,[0] 0
0,16,181700,37.5347,750,50.4,55.6,67.2,45.4,[0] 0
0,23,109000,40.0417,600,40.7,51.8,62.7,42.6,[0] 0
0,17,122314,40.2862,850,41.1,50.7,61.7,41.6,[0] 0
0,6,17600,33.9169,350,48.3,62.4,74.7,52,[0] 0
0,18,156000,37.5215,950,45.8,55.1,66.9,45.1,[0] 0
0,6,160000,32.6415,600,54.4,70.7,81.9,60.9,[0] 0
0,19,103000,43.9336,3300,32.1,48.4,59.4,36.4,[0] 0
0,18,76234,37.1841,2900,22.3,59.4,71.5,46.5,[0] 0
0,10,60000,39.3055,6100,13.5,48.6,62,36.4,[0] 0
0,22,64000,35.858,900,55.1,57.6,69.4,47.5,[0] 0
0,6,117500,44.3467,900,33.9,44.4,55,35.3,[0] 0
0,3,70000,37.1841,2900,22.3,59.4,71.5,46.5,[0] 0
0,18,132000,40.8781,1100,45,48.8,59.7,39.2,[0] 0
0,13,231956,31.4757,1700,28.6,64.8,78.1,53.5,[0] 0
0,10,51686,37.1841,2900,22.3,59.4,71.5,46.5,[0] 0
0,21,148000,37.1841,2900,22.3,59.4,71.5,46.5,[0] 0
0,13,175000,35.5557,700,50.8,59,70.5,48.6,[0] 0
0,22,70000,40.2862,850,41.1,50.7,61.7,41.6,[0] 0
0,20,97734,38.3566,800,43.5,54.5,66,44.5,[0] 0
0,19,160895,44.3467,900,33.9,44.4,55,35.3,[0] 0
0,2,250000,46.2807,1200,28.6,41.2,51.9,31.4,[0] 0
0,18,163932,31.4757,1700,28.6,64.8,78.1,53.5,[0] 0
0,11,136833,37.1841,2900,22.3,59.4,71.5,46.5,[0] 0
0,7,132000,42.2596,500,48.6,47.9,58.8,38.7,[0] 0
0,14,130000,31.4757,1700,28.6,64.8,78.1,53.5,[0] 0
0,6,148000,31.4757,1700,28.6,64.8,78.1,53.5,[0] 0
0,18,75000,37.1841,2900,22.3,59.4,71.5,46.5,[0] 0
0,17,156611,44.3467,900,33.9,44.4,55,35.3,[0] 0
0,19,157000,40.0417,600,40.7,51.8,62.7,42.6,[0] 0
0,19,70135,35.5557,700,50.8,59,70.5,48.6,[0] 0
0,6,200000,35.5889,1300,36.4,59.6,72.3,48.3,[0] 0
0,23,65000,32.7794,500 ,56.9,62.8,75,52.2,[0] 0
0,2,169000,40.0417,600,40.7,51.8,62.7,42.6,[0] 0
0,18,66589,31.4757,1700,28.6,64.8,78.1,53.5,[0] 0
0,22,67000,44.3467,900,33.9,44.4,55,35.3,[0] 0
0,17,138000,44.3467,900,33.9,44.4,55,35.3,[1] 0
0,16,219681,31.4757,1700,28.6,64.8,78.1,53.5,[0] 0
0,9,262000,31.4757,1700,28.6,64.8,78.1,53.5,[0] 0
0,17,72200,31.4757,1700,28.6,64.8,78.1,53.5,[1] 0
0,14,50000,42.2596,500,48.6,47.9,58.8,38.7,[0] 0
0,12,51000,40.2862,850,41.1,50.7,61.7,41.6,[0] 0
0,19,89500,37.1841,2900,22.3,59.4,71.5,46.5,[1] 0
0,15,119000,37.5215,950,45.8,55.1,66.9,45.1,[0] 0
0,18,75500,39.055,350,45.2,54.2,65.4,45.4,[0] 0
0,19,95000,35.5889,1300,36.4,59.6,72.3,48.3,[0] 0
0,19,174000,37.5347,750,29,54.3,67.5,42.6,[0] 0
0,19,95000,31.4757,1700,28.6,64.8,78.1,53.5,[0] 0
0,3,103776,47.4501,1900,50.8,59,70.5,48.6,[0] 0
0,2,124888,37.1841,2900,22.3,59.4,71.5,46.5,[1] 0
0,17,120000,44.6243,1050,34.1,43.1,54,33.7,[0] 0
0,9,100000,28.6305,100,45.9,55.3,66.1,46.3,[0] 0
0,16,100000,37.5215,950,45.8,55.1,66.9,45.1,[0] 0
0,8,59000,37.1841,2900,22.3,59.4,71.5,46.5,[0] 0
0,14,50000,28.6305,100,54.4,70.7,81.9,60.9,[0] 0
0,22,93000,39.8942,795,43.6,51.7,62.5,42.2,[0] 0
0,3,100000,37.1841,2900,22.3,59.4,71.5,46.5,[0] 0
0,11,58379,38.9972,6800,18,45.1,60,32.4,[0] 0
0,7,55730,31.0689,100,59.7,66.4,77.5,56.7,[1] 0
0,20,50000,31.0689,100,59.7,66.4,77.5,56.7,[0] 0
0,17,72000,37.1841,2900,22.3,59.4,71.5,46.5,[0] 0
0,20,76000,34.8938,650,52.5,60.4,71.8,50.2,[0] 0
0,21,84737,38.3566,800,43.5,54.5,66,44.5,[0] 0
0,5,204000,41.6219,500,18,45.1,60,32.4,[0] 0
0,3,124266,37.1841,2900,22.3,59.4,71.5,46.5,[0] 0
0,19,169000,32.6415,600,50.4,63.5,75.6,52.7,[0] 0
0,19,124000,37.1841,2900,22.3,59.4,71.5,46.5,[0] 0
0,13,63000,35.858,900,55.1,57.6,69.4,47.5,[0] 0
0,19,161000,37.1841,2900,22.3,59.4,71.5,46.5,[0] 0
0,0,201000,39.8942,795,43.6,51.7,62.5,42.2,[0] 0
0,11,182410,44.3467,900,33.9,44.4,55,35.3,[0] 0
0,21,86501,40.2862,850,41.1,50.7,61.7,41.6,[0] 0
0,5,60424,33.9169,350,48.3,62.4,74.7,52,[0] 0
0,23,63000,31.0689,100,59.7,66.4,77.5,56.7,[0] 0
0,14,104700,40.2862,850,41.1,50.7,61.7,41.6,[0] 0
0,20,257000,32.6415,600,50.4,63.5,75.6,52.7,[0] 0
0,14,96966,35.5889,1300,36.4,59.6,72.3,48.3,[0] 0
0,20,111644,32.7794,500 ,56.9,62.8,75,52.2,[0] 0
0,14,2491,31.4757,1700,28.6,64.8,78.1,53.5,[0] 0
0,14,8000,37.1841,2900,18.8,40.4,52.2,29.8,[0] 0
0,2,48323,35.5557,700,50.8,59,70.5,48.6,[0] 0
0,21,18860,32.7794,500 ,56.9,62.8,75,52.2,[0] 0
0,22,2000,35.5557,700,50.8,59,70.5,48.6,[0] 0
0,22,112540,41.5378,2600,43.5,54.5,66,44.5,[0] 0
0,14,115000,35.858,900,55.1,57.6,69.4,47.5,[0] 0
0,14,120377,31.4757,1700,28.6,64.8,78.1,53.5,[0] 0
0,10,129237,31.4757,1700,28.6,64.8,78.1,53.5,[0] 0
0,6,68018,31.0689,100,59.7,66.4,77.5,56.7,[0] 0
0,8,123629,42.2596,500,48.6,47.9,58.8,38.7,[0] 0
0,20,93750,44.3467,900,33.9,44.4,55,35.3,[0] 0
0,8,65198,37.5215,950,45.8,55.1,66.9,45.1,[0] 0
0,18,156627,44.3467,900,33.9,44.4,55,35.3,[0] 0
0,14,96809,40.2862,850,41.1,50.7,61.7,41.6,[0] 0
0,0,130252,31.4757,1700,28.6,64.8,78.1,53.5,[0] 0
0,12,118000,40.8781,1100,45,48.8,59.7,39.2,[0] 0
0,19,50000,45.3695,600,45.5,41,51.9,31.7,[0] 0
0,8,153867,43.9336,3300,32.1,48.4,59.4,36.4,[0] 0
0,14,52747,40.2862,850,41.1,50.7,61.7,41.6,[0] 0
0,14,60717,28.6305,100,54.4,70.7,81.9,60.9,[0] 0
0,3,160000,44.3467,900,33.9,44.4,55,35.3,[0] 0
0,0,188000,39.3289,5500,24.2,48.8,61.9,36.9,[1] 0
0,14,44875,35.5557,700,50.8,59,70.5,48.6,[0] 0
0,19,61377,35.5557,700,50.8,59,70.5,48.6,[0] 0
0,21,66383,38.6409,1500,47.1,51.8,63.5,41.7,[1] 0
0,21,190000,40.0417,600,40.7,51.8,62.7,42.6,[0] 0
0,17,264000,47.3826,1700,43.2,48.3,57,37.6,[1] 0
0,18,117000,35.5557,700,50.8,59,70.5,48.6,[0] 0
0,23,80000,46.2807,1200,28.6,41.2,51.9,31.4,[1] 0
0,23,54476,35.5889,1300,36.4,59.6,72.3,48.3,[0] 0
0,23,127000,39.8942,795,43.6,51.7,62.5,42.2,[0] 0
0,19,60000,44.3467,900,33.9,44.4,55,35.3,[1] 0
0,19,50001,35.858,900,55.1,57.6,69.4,47.5,[0] 0
0,0,153555,37.1841,2900,22.3,59.4,71.5,46.5,[1] 0
0,15,104027,34.8938,650,52.5,60.4,71.8,50.2,[0] 0
0,18,93000,37.1841,2900,22.3,59.4,71.5,46.5,[0] 0
0,20,115000,44.3467,900,33.9,44.4,55,35.3,[0] 0
0,4,68200,46.2807,1200,28.6,41.2,51.9,31.4,[0] 0
0,22,121000,40.0417,600,40.7,51.8,62.7,42.6,[0] 0
0,5,57000,32.6415,600,50.4,63.5,75.6,52.7,[0] 0
0,18,44000,35.5557,700,50.8,59,70.5,48.6,[0] 0
0,17,126700,37.1841,2900,22.3,59.4,71.5,46.5,[0] 0
0,3,82000,38.3566,800,28.6,41.2,51.9,31.4,[0] 0
0,21,84000,31.4757,1700,28.6,64.8,78.1,53.5,[0] 0
0,12,154832,33.9169,350,48.3,62.4,74.7,52,[0] 0
0,18,137216,40.8781,1100,45,48.8,59.7,39.2,[0] 0
0,20,94231,43.9336,3300,32.1,48.4,59.4,36.4,[0] 0
0,14,90000,44.3467,900,33.9,44.4,55,35.3,[0] 0
0,5,214864,31.4757,1700,28.6,64.8,78.1,53.5,[0] 0
0,5,78000,31.4757,1700,28.6,64.8,78.1,53.5,[0] 0
0,16,175000,37.5215,950,45.8,55.1,66.9,45.1,[0] 0
0,3,50000,35.5557,700,50.8,59,70.5,48.6,[0] 0
0,22,82045,34.8938,650,52.5,60.4,71.8,50.2,[0] 0
0,15,90354,44.3467,900,33.9,44.4,55,35.3,[0] 0
0,16,60000,37.5215,950,45.8,55.1,66.9,45.1,[0] 0
0,19,22400,38.4937,2000,35.6,47.8,58.5,38.1,[0] 0
0,12,51289,35.5557,700,50.8,59,70.5,48.6,[0] 0
0,9,21000,47.3826,1700,43.2,48.3,57,37.6,[0] 0
0,18,102267,37.1841,2900,22.3,59.4,71.5,46.5,[0] 0
0,11,85000,44.3467,900,33.9,44.4,55,35.3,[0] 0
0,20,88000,31.4757,1700,28.6,64.8,78.1,53.5,[0] 0
0,23,125000,31.4757,1700,28.6,64.8,78.1,53.5,[0] 0
0,18,63289,31.4757,1700,28.6,64.8,78.1,53.5,[0] 0
0,14,81503,40.8781,1100,45,48.8,59.7,39.2,[0] 0
0,21,71500,40.0417,600,40.7,51.8,62.7,42.6,[0] 0
0,16,180400,40.0417,600,40.7,51.8,62.7,42.6,[0] 0
0,16,190000,37.5215,950,45.8,55.1,66.9,45.1,[0] 0
0,18,57054,40.2862,850,41.1,50.7,61.7,41.6,[0] 0
0,23,45000,42.9538,1000,43.5,45.4,55.9,36.1,[0] 0
0,20,57531,31.4757,1700,28.6,64.8,78.1,53.5,[0] 0
0,19,120001,40.8781,1100,45,48.8,59.7,39.2,[0] 0
0,7,79000,31.4757,1700,28.6,64.8,78.1,53.5,[0] 0
0,14,284256,35.5557,700,50.8,59,70.5,48.6,[0] 0
0,19,283451,40.0417,600,40.7,51.8,62.7,42.6,[1] 0
0,19,71000,37.1841,2900,22.3,59.4,71.5,46.5,[0] 0
0,17,250000,46.2807,1200,28.6,41.2,51.9,31.4,[0] 0
0,19,150084,37.5215,950,45.8,55.1,66.9,45.1,[0] 0
0,22,185434,37.1841,2900,22.3,59.4,71.5,46.5,[0] 0
0,17,72707,31.0689,100,59.7,66.4,77.5,56.7,[0] 0
0,19,140932,31.4757,1700,28.6,64.8,78.1,53.5,[0] 0
1,12,70000,38.3566,800,43.5,54.5,66,44.5,[1] 1
1,14,109335,40.8781,1100,45,48.8,59.7,39.2,[1] 1
1,5,152261,42.9538,1000,43.5,45.4,55.9,36.1,[1] 1
1,0,180000,42.9538,1000,43.5,45.4,55.9,36.1,[1] 1
1,0,200717,40.8781,1100,45,48.8,59.7,39.2,[1] 1
1,22,264000,40.8781,1100,45,48.8,59.7,39.2,[1] 1
1,2,284000,40.8781,1100,45,48.8,59.7,39.2,[1] 1
1,17,52,42.9538,1000,43.5,45.4,55.9,36.1,[1] 1
1,16,54000,35.5889,1300,36.4,59.6,72.3,48.3,[1] 1
1,23,150000,31.4757,1700,28.6,64.8,78.1,53.5,[1] 1
1,12,57000,31.4757,1700,28.6,64.8,78.1,53.5,[1] 1
1,10,81406,37.1841,2900,22.3,59.4,71.5,46.5,[1] 1
1,22,265000,31.4757,1700,28.6,64.8,78.1,53.5,[1] 1
1,12,300000,44.3467,900,33.9,44.4,55,35.3,[1] 1
1,20,300000,31.4757,1700,28.6,64.8,78.1,53.5,[1] 1
1,15,41306,35.5889,1300,36.4,59.6,72.3,48.3,[1] 1
1,18,95400,40.1907,250,47.6,52.7,63.6,43.6,[1] 1
1,16,67893,44.3467,900,33.9,44.4,55,35.3,[1] 1
1,21,280982,31.4757,1700,28.6,64.8,78.1,53.5,[1] 1
1,3,175000,31.4757,1700,28.6,64.8,78.1,53.5,[1] 1
1,17,238015,31.4757,1700,28.6,64.8,78.1,53.5,[1] 1
1,17,70000,46.2807,1200,28.6,41.2,51.9,31.4,[1] 1
1,18,113000,44.3467,900,33.9,44.4,55,35.3,[1] 1
1,5,125000,38.9972,6800,22.3,59.4,71.5,46.5,[1] 1
1,15,72353,42.9538,1000,43.5,45.4,55.9,36.1,[1] 1
1,21,300000,40.0417,600,40.7,51.8,62.7,42.6,[1] 1
1,20,60000,44.3467,900,33.9,44.4,55,35.3,[1] 1
1,23,92748,35.5889,1300,36.4,59.6,72.3,48.3,[1] 1
1,8,165000,28.6305,100,54.4,70.7,81.9,60.9,[1] 1
1,9,173746,37.1841,2900,22.3,59.4,71.5,46.5,[1] 1
1,9,50000,31.0689,100,59.7,66.4,77.5,56.7,[1] 1
1,0,105000,47.3826,1700,43.2,48.3,57,37.6,[1] 1
1,9,95000,31.0689,100,59.7,66.4,77.5,56.7,[1] 1
1,22,153000,31.4757,1700,28.6,64.8,78.1,53.5,[1] 1
1,2,236100,47.3826,1700,43.2,48.3,57,37.6,[1] 1
1,7,25000,31.4757,1700,28.6,64.8,78.1,53.5,[1] 1
1,6,114402,37.1841,2900,22.3,59.4,71.5,46.5,[1] 1
1,6,55609,35.5889,1300,36.4,59.6,72.3,48.3,[1] 1
1,2,90000,32.7794,500 ,56.9,62.8,75,52.2,[1] 1
1,16,215387,39.8942,795,43.6,51.7,62.5,42.2,[1] 1
1,8,233000,44.3467,900,33.9,44.4,55,35.3,[1] 1
1,19,100000,31.4757,1700,28.6,64.8,78.1,53.5,[1] 1
1,1,80000,37.1841,2900,22.3,59.4,71.5,46.5,[1] 1
1,23,108000,39.055,350,45.2,54.2,65.4,45.4,[1] 1
1,17,162000,44.3467,900,33.9,44.4,55,35.3,[1] 1
1,21,186035,32.6415,600,50.4,63.5,75.6,52.7,[1] 1
1,6,125987,35.5557,700,50.8,59,70.5,48.6,[1] 1
1,22,60000,39.055,350,45.2,54.2,65.4,45.4,[1] 1
1,18,218783,32.6415,600,50.4,63.5,75.6,52.7,[1] 1
1,0,73000,37.1841,2900,22.3,59.4,71.5,46.5,[1] 1
1,20,60000,44.3467,900,33.9,44.4,55,35.3,[1] 1
1,17,219000,42.2596,500,45.2,54.2,65.4,45.4,[1] 1
1,1,8000,42.9538,1000,43.5,45.4,55.9,36.1,[1] 1
1,15,68000,31.4757,1700,28.6,64.8,78.1,53.5,[1] 1
1,0,111000,44.3467,900,33.9,44.4,55,35.3,[1] 1
1,16,50000,40.1907,250,47.9,43.8,54.7,33.3,[1] 1
1,20,51000,34.8938,650,52.5,60.4,71.8,50.2,[1] 1
1,8,230000,47.3826,1700,43.2,48.3,57,37.6,[1] 1
1,23,87000,47.3826,1700,43.2,48.3,57,37.6,[1] 1
1,21,122921,40.0417,600,40.7,51.8,62.7,42.6,[1] 1
1,15,175000,31.4757,1700,28.6,64.8,78.1,53.5,[1] 1
1,5,86000,40.2862,850,41.1,50.7,61.7,41.6,[1] 1
1,19,71000,44.3467,900,33.9,44.4,55,35.3,[1] 1
1,23,70000,47.3826,1700,43.2,48.3,57,37.6,[1] 1
1,9,100000,42.9538,1000,43.5,45.4,55.9,36.1,[1] 1
1,7,233000,47.3826,1700,43.2,48.3,57,37.6,[1] 1
1,18,50000,44.3467,900,33.9,44.4,55,35.3,[1] 1
1,1,50100,33.9169,350,48.3,62.4,74.7,52,[1] 1
1,17,80000,44.3467,900,33.9,44.4,55,35.3,[1] 1
1,16,190000,31.4757,1700,28.6,64.8,78.1,53.5,[1] 1
1,23,50465,33.9169,350,48.3,62.4,74.7,52,[1] 1
1,23,220000,39.055,350,45.2,54.2,65.4,45.4,[1] 1
1,9,788,35.5889,1300,36.4,59.6,72.3,48.3,[1] 1
1,19,52739,37.5215,950,45.8,55.1,66.9,45.1,[1] 1
1,6,59000,42.9538,1000,43.5,45.4,55.9,36.1,[1] 1
1,14,250000,31.4757,1700,28.6,64.8,78.1,53.5,[1] 1
1,20,61795,42.9538,1000,43.5,45.4,55.9,36.1,[1] 1
1,13,64000,47.3826,1700,43.2,48.3,57,37.6,[1] 1
1,22,140000,40.1907,250,47.6,52.7,63.6,43.6,[1] 1
1,17,200000,44.3467,900,33.9,44.4,55,35.3,[1] 1
1,23,105000,35.858,900,55.1,57.6,69.4,47.5,[1] 1
1,19,136000,35.5557,700,50.8,59,70.5,48.6,[1] 1
1,22,110000,31.4757,1700,28.6,64.8,78.1,53.5,[1] 1
1,20,110000,44.3467,900,33.9,44.4,55,35.3,[1] 1
1,18,56000,39.8942,795,43.6,51.7,62.5,42.2,[1] 1
1,11,90000,47.3826,1700,43.2,48.3,57,37.6,[1] 1
1,23,190000,31.4757,1700,28.6,64.8,78.1,53.5,[1] 1
1,19,132200,31.0689,100,59.7,66.4,77.5,56.7,[1] 1
1,0,75000,28.6305,100,54.4,70.7,81.9,60.9,[1] 1
1,4,140000,44.3467,900,33.9,44.4,55,35.3,[1] 1
1,20,54000,35.5889,1300,36.4,59.6,72.3,48.3,[1] 1
1,16,35257,32.6415,600,50.4,63.5,75.6,52.7,[1] 1
1,15,52500,45.3695,600,45.5,41,51.9,31.7,[1] 1
1,17,62000,31.4757,1700,28.6,64.8,78.1,53.5,[1] 1
1,7,62159,40.8781,1100,45,48.8,59.7,39.2,[1] 1
1,21,140000,44.3467,900,33.9,44.4,55,35.3,[1] 1
1,2,285465,35.5557,700,50.8,59,70.5,48.6,[1] 1
1,15,57327,44.3467,900,33.9,44.4,55,35.3,[1] 1
1,3,38500,35.858,900,55.1,57.6,69.4,47.5,[1] 1
1,19,57000,31.4757,1700,28.6,64.8,78.1,53.5,[1] 1
1,3,213000,40.8781,1100,45,48.8,59.7,39.2,[1] 1
1,20,60000,46.2807,1200,28.6,41.2,51.9,31.4,[1] 1
1,3,168000,44.3467,900,33.9,44.4,55,35.3,[1] 1
1,23,130000,31.4757,1700,28.6,64.8,78.1,53.5,[1] 1
1,17,84987,44.3467,900,33.9,44.4,55,35.3,[1] 1
1,18,116937,28.6305,100,54.4,70.7,81.9,60.9,[1] 1
1,17,66000,40.8781,1100,45,48.8,59.7,39.2,[1] 1
1,22,74300,42.9538,1000,43.5,45.4,55.9,36.1,[1] 1
1,22,81227,37.5215,950,45.8,55.1,66.9,45.1,[1] 1
1,2,121000,37.1841,2900,22.3,59.4,71.5,46.5,[1] 1
1,17,138802,44.3467,900,33.9,44.4,55,35.3,[1] 1
1,13,233136,40.8781,1100,45,48.8,59.7,39.2,[1] 1
1,18,103000,35.5557,700,43.5,45.4,55.9,36.1,[1] 1
1,9,73717,43.9336,3300,32.1,48.4,59.4,36.4,[1] 1
1,18,13000,34.8938,650,52.5,60.4,71.8,50.2,[1] 1
1,19,80000,35.858,900,55.1,57.6,69.4,47.5,[1] 1
1,1,72520,44.3467,900,33.9,44.4,55,35.3,[1] 1
1,19,201208,31.4757,1700,28.6,64.8,78.1,53.5,[1] 1
1,16,61705,39.8942,795,43.6,51.7,62.5,42.2,[1] 1
1,13,75065,39.8942,795,43.6,51.7,62.5,42.2,[1] 1
1,17,68000,44.3467,900,33.9,44.4,55,35.3,[1] 1
1,20,50000,41.6762,200,49.1,50.1,60,41.3,[1] 1
1,12,186154,44.3467,900,33.9,44.4,55,35.3,[1] 1
1,18,127000,37.5215,950,45.8,55.1,66.9,45.1,[1] 1
1,15,54290,31.4757,1700,28.6,64.8,78.1,53.5,[1] 1
1,17,65000,44.3467,900,33.9,44.4,55,35.3,[1] 1
1,20,260000,40.8781,1100,45,48.8,59.7,39.2,[1] 1
1,22,61000,31.4757,1700,28.6,64.8,78.1,53.5,[1] 1
1,3,146500,44.3467,900,33.9,44.4,55,35.3,[1] 1
1,12,200000,35.5557,700,50.8,59,70.5,48.6,[1] 1
1,3,230000,47.3826,1700,43.2,48.3,57,37.6,[1] 1
1,9,61000,35.858,900,55.1,57.6,69.4,47.5,[1] 1
1,19,170000,31.4757,1700,28.6,64.8,78.1,53.5,[1] 1
1,21,89000,31.4757,1700,28.6,64.8,78.1,53.5,[1] 1
1,20,67900,40.1907,250,47.6,52.7,63.6,43.6,[1] 1
1,11,130000,35.858,900,55.1,57.6,69.4,47.5,[1] 1
1,6,64500,40.8781,1100,45,48.8,59.7,39.2,[1] 1
1,16,150000,47.3826,1700,43.2,48.3,57,37.6,[1] 1
1,15,111393,44.3467,900,33.9,44.4,55,35.3,[1] 1
1,19,65000,42.9538,1000,43.5,45.4,55.9,36.1,[1] 1
1,11,50000,44.6243,1050,34.1,43.1,54,33.7,[1] 1
1,15,99188,44.3467,900,33.9,44.4,55,35.3,[1] 1
1,22,141000,39.8942,795,43.6,51.7,62.5,42.2,[1] 1
1,20,214000,47.3826,1700,43.2,48.3,57,37.6,[1] 1
1,16,68430,47.3826,1700,43.2,48.3,57,37.6,[1] 1
1,16,72896,42.9538,1000,43.5,45.4,55.9,36.1,[1] 1
1,12,107000,44.3467,900,33.9,44.4,55,35.3,[1] 1
1,21,104000,37.5215,950,45.8,55.1,66.9,45.1,[1] 1
1,16,53630,39.055,350,45.2,54.2,65.4,45.4,[1] 1
1,14,68339,40.2862,850,41.1,50.7,61.7,41.6,[0] 1
1,2,133777,44.3467,900,33.9,44.4,55,35.3,[1] 1
1,22,95300,39.8942,795,43.6,51.7,62.5,42.2,[1] 1
1,22,188000,31.4757,1700,28.6,64.8,78.1,53.5,[1] 1
1,5,173879,31.4757,1700,28.6,64.8,78.1,53.5,[1] 1
1,19,103779,35.5889,1300,36.4,59.6,72.3,48.3,[1] 1
1,12,160000,42.9538,1000,43.5,45.4,55.9,36.1,[1] 1
1,15,197740,44.3467,900,33.9,44.4,55,35.3,[1] 1
1,18,298165,40.8781,1100,45,48.8,59.7,39.2,[1] 1
1,14,7500,42.9538,1000,43.5,45.4,55.9,36.1,[1] 1
1,18,118631,44.3467,900,33.9,44.4,55,35.3,[1] 1
1,19,87000,37.1841,2900,22.3,59.4,71.5,46.5,[1] 1
1,16,61705,39.8942,795,43.6,51.7,62.5,42.2,[1] 1
1,16,216800,40.1907,250,47.6,52.7,63.6,43.6,[1] 1
1,17,95600,40.1907,250,47.6,52.7,63.6,43.6,[1] 1
1,0,107833,40.2862,850,41.1,50.7,61.7,41.6,[1] 1
1,21,130000,44.3467,900,33.9,44.4,55,35.3,[1] 1
1,15,111591,37.1841,2900,22.3,59.4,71.5,46.5,[1] 1
1,13,56444,38.3566,800,43.5,54.5,66,44.5,[1] 1
1,18,68000,47.3826,1700,43.2,48.3,57,37.6,[1] 1
1,12,150000,44.3467,900,33.9,44.4,55,35.3,[1] 1
1,18,261043,44.3467,900,33.9,44.4,55,35.3,[1] 1
1,11,120124,33.9169,350,48.3,62.4,74.7,52,[1] 1
1,12,200000,40.0417,600,40.7,51.8,62.7,42.6,[1] 1
1,18,234326,39.055,350,45.2,54.2,65.4,45.4,[1] 1
1,6,140735,44.3467,900,33.9,44.4,55,35.3,[1] 1
1,17,65000,38.9896,60,45.9,55.3,66.1,46.3,[1] 1
1,10,29942,31.4757,1700,28.6,64.8,78.1,53.5,[1] 1
1,20,164000,44.3467,900,33.9,44.4,55,35.3,[1] 1
1,11,75000,40.1907,250,47.6,52.7,63.6,43.6,[1] 1
1,18,69000,40.8781,1100,45,48.8,59.7,39.2,[1] 1
1,16,50000,44.3467,900,33.9,44.4,55,35.3,[1] 1
1,16,75000,44.3467,900,33.9,44.4,55,35.3,[1] 1
1,20,182000,44.3467,900,33.9,44.4,55,35.3,[1] 1
1,16,50000,42.9538,1000,43.5,45.4,55.9,36.1,[1] 1
1,17,71000,38.6409,1500,47.1,51.8,63.5,41.7,[1] 1
1,2,219306,31.4757,1700,28.6,64.8,78.1,53.5,[1] 1
1,20,50000,42.2596,500,48.6,47.9,58.8,38.7,[1] 1
1,10,255000,35.858,900,55.1,57.6,69.4,47.5,[1] 1
1,14,73000,35.858,900,55.1,57.6,69.4,47.5,[1] 1
1,18,116800,31.4757,1700,28.6,64.8,78.1,53.5,[1] 1
1,11,63000,35.858,900,55.1,57.6,69.4,47.5,[1] 1
1,3,107344,35.858,900,55.1,57.6,69.4,47.5,[1] 1
1,15,249322,40.2862,850,41.1,50.7,61.7,41.6,[1] 1
1,18,127000,35.5889,1300,36.4,59.6,72.3,48.3,[1] 1
1,15,145000,42.9538,1000,43.5,45.4,55.9,36.1,[1] 1
1,2,39659,32.6415,600,50.4,63.5,75.6,52.7,[1] 1
1,1,144000,40.8781,1100,45,48.8,59.7,39.2,[1] 1
1,18,200000,40.1907,250,47.6,52.7,63.6,43.6,[1] 1
1,14,116818,42.9538,1000,43.5,45.4,55.9,36.1,[1] 1
1,14,175000,40.2862,850,41.1,50.7,61.7,41.6,[1] 1
1,14,105000,44.3467,900,33.9,44.4,55,35.3,[1] 1
1,3,77600,32.7794,500 ,56.9,62.8,75,52.2,[1] 1
1,3,193000,46.2807,1200,28.6,41.2,51.9,31.4,[1] 1
1,22,50000,31.0689,100,59.7,66.4,77.5,56.7,[1] 1
1,12,146721,40.8781,1100,45,48.8,59.7,39.2,[1] 1
1,8,169250,37.1841,2900,22.3,59.4,71.5,46.5,[1] 1
1,19,124000,40.1907,250,47.6,52.7,63.6,43.6,[1] 1
1,17,210000,39.055,350,45.2,54.2,65.4,45.4,[1] 1
1,16,36384,44.3509,5000,50.4,63.5,75.6,52.7,[1] 1
1,23,128000,37.1841,2900,22.3,59.4,71.5,46.5,[1] 1
1,18,91315,31.0689,100,59.7,66.4,77.5,56.7,[0] 1
1,13,175000,31.4757,1700,28.6,64.8,78.1,53.5,[1] 1
1,4,115830,37.1841,2900,22.3,59.4,71.5,46.5,[0] 1
1,12,217000,40.1907,250,47.6,52.7,63.6,43.6,[1] 1
1,5,50000,42.9538,1000,43.5,45.4,55.9,36.1,[1] 1
1,11,250000,47.3826,1700,43.2,48.3,57,37.6,[1] 1
1,13,55097,37.5215,950,45.8,55.1,66.9,45.1,[1] 1
1,11,161151,42.9538,1000,43.5,45.4,55.9,36.1,[1] 1
1,7,99700,42.9538,1000,43.5,45.4,55.9,36.1,[1] 1
1,0,91690,37.1841,2900,22.3,59.4,71.5,46.5,[1] 1
1,3,50000,44.3467,900,33.9,44.4,55,35.3,[1] 1
1,14,76120,42.9538,1000,43.5,45.4,55.9,36.1,[1] 1
1,17,197166,44.3467,900,33.9,44.4,55,35.3,[1] 1
1,18,263000,40.1907,250,47.6,52.7,63.6,43.6,[1] 1
1,5,50000,31.0689,100,59.7,66.4,77.5,56.7,[1] 1
1,18,265000,38.6409,1500,47.1,51.8,63.5,41.7,[1] 1
1,1,205000,40.1907,250,47.6,52.7,63.6,43.6,[1] 1
1,17,216000,35.858,900,55.1,57.6,69.4,47.5,[1] 1
1,2,117900,37.1841,2900,22.3,59.4,71.5,46.5,[1] 1
1,16,50000,40.1907,250,47.6,52.7,63.6,43.6,[1] 1
1,21,300187,43.9336,3300,32.1,48.4,59.4,36.4,[1] 1
1,14,197000,40.1907,250,47.6,52.7,63.6,43.6,[1] 1
1,18,220400,31.4757,1700,28.6,64.8,78.1,53.5,[1] 1
1,8,50000,40.8781,1100,45,48.8,59.7,39.2,[1] 1
1,16,55000,28.6305,100,54.4,70.7,81.9,60.9,[1] 1
1,16,270000,40.8781,1100,45,48.8,59.7,39.2,[1] 1
